Architecture,18
Building,18
Landmark,15
Tree,14
Estate,10
Mansion,10
Sky,9
Grass,8
Palace,8
House,8
Natural landscape,8
Facade,7
Natural environment,7
Stately home,7
Classical architecture,7
City,6
Official residence,6
Water,6
Wetland,5
Road,4
Land lot,4
Property,4
Pasture,4
Town,4
Waterway,3
Cloud,3
Winter,3
Rural area,3
Nature reserve,2
Morning,2
Place of worship,2
Human settlement,2
Church,2
Medieval architecture,2
Field,2
Street,2
Neighbourhood,2
River,2
Lane,2
Grassland,2
Ch?teau,2
Parish,2
Bank,2
Plain,2
Atmospheric phenomenon,2
Landscape,2
Statue,1
Sculpture,1
Wilderness,1
Thoroughfare,1
Art,1
Infrastructure,1
Car,1
Water feature,1
Monument,1
Horizon,1
Marsh,1
Botany,1
Reflecting pool,1
Memorial,1
Green,1
Historic house,1
Evening,1
Trail,1
Freezing,1
Chapel,1
Column,1
Park,1
Manor house,1
Garden,1
Castle,1
Transport,1
Spire,1
Metropolitan area,1
Home,1
Fence,1
Asphalt,1
Floodplain,1
Steeple,1
Water resources,1
Residential area,1
Reflection,1
Plaza,1
Fountain,1
Vehicle,1
Urban area,1
Watercourse,1
Fen,1
Plant,1
Canal,1
Botanical garden,1
