Building,234
Architecture,225
Landmark,144
Estate,119
Sky,113
House,106
Property,99
Mansion,91
Palace,91
Tree,89
Facade,87
Classical architecture,71
Grass,69
City,63
Stately home,63
Ch?teau,56
Town,53
Official residence,50
Natural landscape,49
Medieval architecture,48
Water,43
Church,38
Natural environment,35
Place of worship,32
Botany,29
Garden,29
Grassland,28
Cathedral,27
Nature,26
Cloud,25
Real estate,25
Water resources,24
Vegetation,24
Land lot,22
Park,22
Manor house,22
Bank,21
River,21
Home,20
Nature reserve,19
Human settlement,18
Lawn,18
Public space,17
Neighbourhood,17
Historic site,17
Pond,17
Body of water,16
Recreation,15
Plant,15
Pasture,15
Botanical garden,15
Sport venue,14
Green,14
Vehicle,13
Presidential palace,13
Castle,13
Residential area,13
Plaza,12
Meadow,12
Wall,11
Tower,10
Urban area,10
Leisure,10
Field,10
Road,10
Steeple,9
Tourism,9
Prairie,9
Competition event,9
Fountain,9
Transport,9
Rural area,9
Tourist attraction,9
Reflection,8
Town square,8
Daytime,8
Spring,8
Watercourse,8
Roof,8
Stadium,7
Shrub,7
Reflecting pool,7
Plain,7
Team sport,7
Team,6
Waterway,6
Courthouse,6
Asphalt,6
Water feature,6
Historic house,6
Landscape,6
Spire,6
Street,5
Games,5
Gothic architecture,5
Cottage,5
Arch,5
Car,5
Player,5
Seat of local government,5
Event,4
Mixed-use,4
Woody plant,4
Grass family,4
Yard,4
Monument,4
Column,4
Urban design,4
Fun,4
Sports,4
Riparian zone,4
Crowd,3
Flower,3
Metropolitan area,3
Commercial building,3
Dirt road,3
Atmospheric phenomenon,3
Summer,3
Grazing,3
Parish,3
Turret,3
Pole,3
Ceiling,3
Outdoor play equipment,3
Campus,3
Farm,3
Inflatable,3
Corporate headquarters,3
Brick,3
Plant community,3
Statue,3
Lake,3
Suburb,2
Herd,2
Wilderness,2
First-class cricket,2
Community,2
Mountain,2
Reservoir,2
Walkway,2
Championship,2
Soccer-specific stadium,2
Infrastructure,2
Leaf,2
Chapel,2
Canal,2
Fish pond,2
Brickwork,2
Dock,2
Boardwalk,2
Landscaping,2
Canopy,2
Evening,2
Gasoline,2
Bicycle,2
University,2
Photography,2
Deck,2
Wetland,2
Biome,2
Shade,2
Sheep,2
Physical fitness,2
Fortification,2
Thoroughfare,2
Agriculture,2
Playground,2
Yellow,2
Villa,2
Farmhouse,2
Bovine,2
Tent,2
Street light,2
bounce house,2
Wood,2
Vacation,2
Road surface,2
Light fixture,2
Gas,2
Lane,2
Listed building,1
Flag,1
Ecoregion,1
Grain,1
Thermokarst,1
Retail,1
Marsh,1
Skeet shooting,1
Apartment,1
Sports training,1
Ball game,1
Petroleum,1
Rye,1
Byzantine architecture,1
Light,1
Restaurant,1
Courtyard,1
Trail,1
Toy,1
Football,1
Rock,1
Wildflower,1
Sporting Group,1
Product,1
Convenience store,1
College,1
Downtown,1
Labyrinth,1
Paddy field,1
Art,1
Shooting,1
water lily,1
Headquarters,1
Rain,1
Observation tower,1
Sidewalk,1
Net,1
Goal,1
Kettlebell,1
Window,1
Freeway,1
Dog agility,1
Skatepark,1
Bird's-eye view,1
Awning,1
Cumulus,1
History,1
Panorama,1
Shopping mall,1
Fence,1
Thatching,1
Hedge,1
Flooring,1
Morning,1
Company,1
Tradition,1
Business,1
Soccer,1
Highway,1
Animal sports,1
Clay pigeon shooting,1
Parking lot,1
Graffiti,1
Scaffolding,1
Atmosphere,1
Aquatic plant,1
Wheel,1
Sunset,1
Hill,1
Pier,1
Interior design,1
Highland,1
Clock tower,1
Metropolis,1
Cobblestone,1
Stream,1
Maze,1
Project,1
Filling station,1
Construction,1
Fair,1
Technology,1
Cricket,1
Gazebo,1
Freshwater marsh,1
Barley,1
Fen,1
Fuel,1
Adaptation,1
Aerial photography,1
Dog sports,1
Memorial,1
Pedestrian,1
Mode of transport,1
Ceremony,1
Almshouse,1
Shooting sport,1
Livestock,1
