Building,18
Architecture,18
Landmark,11
Sky,10
Facade,9
House,9
Natural landscape,9
Water,8
Palace,7
River,7
Estate,7
Classical architecture,7
Tree,6
Waterway,6
Medieval architecture,6
Water resources,6
Nature,6
Watercourse,6
Body of water,5
Mansion,5
Church,5
Place of worship,5
Stream,5
Bank,4
Grass,4
Wall,4
Stately home,4
City,4
Ch?teau,3
Town,3
Natural environment,3
Plant,3
Official residence,3
Property,3
Land lot,2
Nature reserve,2
Cloud,2
Gothic architecture,2
Historic site,2
Wilderness,2
Tower,2
Steeple,2
Cathedral,2
Lawn,2
Stream bed,2
Roof,2
Geological phenomenon,2
Rural area,1
Cottage,1
Canal,1
Garden,1
Hill,1
Tourism,1
Door,1
Pasture,1
Marsh,1
Plaza,1
Botany,1
Human settlement,1
Home,1
Neighbourhood,1
Street,1
Grass family,1
Courthouse,1
Landscape,1
Vegetation,1
Red,1
Window,1
Spire,1
Public space,1
Arroyo,1
Residential area,1
Castle,1
Spring,1
Column,1
Urban area,1
Wetland,1
Town square,1
Reflection,1
Botanical garden,1
